EMAIL,PRENOM,SOCIETE,VILLE,TELEPHONE,LANGUE,SITE
luxembourg@gtf.lu,"Madame, Monsieur",GT Fiduciaires,Luxembourg,+352 24 52 11,FR,gtf.lu
info@accorum.lu,"Madame, Monsieur",Accorum Sàrl,Luxembourg,+352 26 26 14,FR,accorum.lu
info@fidalpha.lu,"Madame, Monsieur",Fidalpha SA,Luxembourg,+352 26 02 13 1,FR,fidalpha.lu
contact@zimmerpartners.lu,"Madame, Monsieur",Zimmer & Partners SA,Luxembourg,+352 20 21 38 11,FR,zimmerpartners.lu
mail@fidco.lu,"Madame, Monsieur",Fiduciaire Continentale SA,Luxembourg,+352 45 31 45,FR,fidco.lu
philippe.slendzak@fiduo.lu,Philippe,Fiduo SA,Luxembourg,+352 24 612 1,FR,fiduo.lu
info@fidcoserv.lu,"Madame, Monsieur",Fidcoserv Sàrl,Luxembourg,+352 44 09 51 1,FR,fidcoserv.lu
contact@brconsulting.lu,"Madame, Monsieur",B&R Consulting,Luxembourg,+352 24 51 32 59,FR,brconsulting.lu
mickael.loc@financialservices.lu,Mickaël,Financial Services Sàrl,Luxembourg,+352 661 198 544,FR,financialservices.lu
info@custom.lu,"Madame, Monsieur",Custom SA,Luxembourg,+352 24 61 85 301,FR,custom-luxembourg.lu
info@agirluxembourg.com,"Madame, Monsieur",Agir Comptanuel Sàrl,Luxembourg,+352 47 24 85,FR,agirluxembourg.com
contact@dinamik.lu,"Madame, Monsieur",Dinamik SA,Luxembourg,+352 48 44 01,FR,dinamik.lu
info@ar-services.lu,"Madame, Monsieur",AR Services SA,Luxembourg,+352 24 61 30,FR,ar-services.eu
jvh@revys.eu,"Madame, Monsieur",REVYS Sàrl,Luxembourg,+352 26 38 32 10,FR,revys.lu
info@allianceservices.lu,"Madame, Monsieur",Alliance Services Sàrl,Luxembourg,+352 27 85 87 71 1,FR,alliance-services.lu
daniel.adam@coda.lu,Daniel,CODA Expertises Comptables et Fiscales SA,Luxembourg,+352 28 80 58,FR,coda.lu
info@betacs.lu,"Madame, Monsieur",beTax Advisory & Compliance Services Sàrl,Luxembourg,+352 26 44 10 77 1,FR,betacs.lu
info@neoviaq.lu,"Madame, Monsieur",Neoviaq (ex-Fiduciaire Fernand Sassel),Weiswampach,+352 97 80 81 1,FR,neoviaq.lu
info@cabexco.lu,"Madame, Monsieur",Cabexco Sàrl,Windhof,+352 31 18 89 1,FR,cabexco.lu
contact@luxfiduciaire.lu,"Madame, Monsieur",LuxFiduciaire,Luxembourg,+352 49 69 60 1,FR,luxfiduciaire.lu
